Workbook

Sheet Tabelle1
F1: Seasonal | L1: Seasonal
A2: Power demand | B2: 0.38 | C2: kW/household | F2: SEpt-Nov | G2: Nov-Feb | H2: March-May | I2: June-Aug | L2: SEpt-Nov
A3: Daily normalized demand curves | E3: Daily avg. Demand | F3: 5.95 | G3: 5.12 | H3: 5.51 | I3: 4.42 | J3: kWh/day | L3: 5.95
B4: hours | C4: Demand | D4: Normalized | E4: Power demands | F4: =F3*B2/C29 -> 0.38041593 | G4: =G3/C29*B2 -> 0.3273495 | H4: =H3/C29*B2 -> 0.35228433 | I4: =I3/C29*B2 -> 0.28259469 | J4: kW | K4: New normalize | L4: =L3*B2/H29 -> 0.41018366
B5: 1 | C5: 0.18423241 | D5: 0.48482214 | F5: =D5*$F$4 -> 0.18443406 | G5: =D5*$G$4 -> 0.15870629 | H5: =D5*$H$4 -> 0.17079524 | I5: =D5*$I$4 -> 0.13700816 | K5: =D5*0.1 -> 0.048482214
B6: 2 | C6: 0.16694593 | D6: 0.43933139 | F6: =D6*$F$4 -> 0.16712866 | G6: =D6*$G$4 -> 0.14381491 | H6: =D6*$H$4 -> 0.15476956 | I6: =D6*$I$4 -> 0.12415272 | K6: =D6*0.1 -> 0.043933139
B7: 3 | C7: 0.16218468 | D7: 0.42680179 | F7: =D7*$F$4 -> 0.1623622 | G7: =D7*$G$4 -> 0.13971335 | H7: =D7*$H$4 -> 0.15035558 | I7: =D7*$I$4 -> 0.12061192 | K7: =D7*0.1 -> 0.042680179
B8: 4 | C8: 0.16679656 | D8: 0.43893831 | F8: =D8*$F$4 -> 0.16697912 | G8: =D8*$G$4 -> 0.14368624 | H8: =D8*$H$4 -> 0.15463109 | I8: =D8*$I$4 -> 0.12404164 | K8: =D8*0.1 -> 0.043893831
B9: 5 | C9: 0.19037299 | D9: 0.50098154 | F9: =D9*$F$4 -> 0.19058136 | G9: =D9*$G$4 -> 0.16399606 | H9: =D9*$H$4 -> 0.17648795 | I9: =D9*$I$4 -> 0.14157472 | K9: =D9*0.1 -> 0.050098154
B10: 6 | C10: 0.22761912 | D10: 0.59899767 | F10: =D10*$F$4 -> 0.22786825 | G10: =D10*$G$4 -> 0.19608159 | H10: =D10*$H$4 -> 0.21101749 | I10: =D10*$I$4 -> 0.16927356 | K10: =D10*1.2 -> 0.71879721
B11: 7 | C11: 0.24570082 | D11: 0.64658111 | F11: =D11*$F$4 -> 0.24596975 | G11: =D11*$G$4 -> 0.211658 | H11: =D11*$H$4 -> 0.22778039 | I11: =D11*$I$4 -> 0.18272039 | K11: =D11*1.4 -> 0.90521355
B12: 8 | C12: 0.23562054 | D12: 0.62005406 | F12: =D12*$F$4 -> 0.23587844 | G12: =D12*$G$4 -> 0.20297439 | H12: =D12*$H$4 -> 0.21843533 | I12: =D12*$I$4 -> 0.17522398
B13: 9 | C13: 0.22757763 | D13: 0.5988885 | F13: =D13*$F$4 -> 0.22782672 | G13: =D13*$G$4 -> 0.19604585 | H13: =D13*$H$4 -> 0.21097903 | I13: =D13*$I$4 -> 0.16924271
B14: 10 | C14: 0.23267577 | D14: 0.61230465 | F14: =D14*$F$4 -> 0.23293044 | G14: =D14*$G$4 -> 0.20043762 | H14: =D14*$H$4 -> 0.21570533 | I14: =D14*$I$4 -> 0.17303404
B15: 11 | C15: 0.24203308 | D15: 0.63692916 | F15: =D15*$F$4 -> 0.242298 | G15: =D15*$G$4 -> 0.20849844 | H15: =D15*$H$4 -> 0.22438016 | I15: =D15*$I$4 -> 0.1799928
B16: 12 | C16: 0.25018018 | D16: 0.6583689 | F16: =D16*$F$4 -> 0.25045401 | G16: =D16*$G$4 -> 0.21551673 | H16: =D16*$H$4 -> 0.23193305 | I16: =D16*$I$4 -> 0.18605155
B17: 13 | C17: 0.25085764 | D17: 0.6601517 | F17: =D17*$F$4 -> 0.25113222 | G17: =D17*$G$4 -> 0.21610033 | H17: =D17*$H$4 -> 0.2325611 | I17: =D17*$I$4 -> 0.18655536
B18: 14 | C18: 0.24017313 | D18: 0.63203455 | F18: =D18*$F$4 -> 0.24043601 | G18: =D18*$G$4 -> 0.20689619 | H18: =D18*$H$4 -> 0.22265587 | I18: =D18*$I$4 -> 0.17860961
B19: 15 | C19: 0.23123051 | D19: 0.60450802 | F19: =D19*$F$4 -> 0.22996448 | G19: =D19*$G$4 -> 0.1978854 | H19: =D19*$H$4 -> 0.2129587 | I19: =D19*$I$4 -> 0.17083075
B20: 16 | C20: 0.2447418 | D20: 0.60850135 | F20: =D20*$F$4 -> 0.23148361 | G20: =D20*$G$4 -> 0.19919261 | H20: =D20*$H$4 -> 0.21436549 | I20: =D20*$I$4 -> 0.17195925
B21: 17 | C21: 0.28425461 | D21: 0.64405737 | F21: =D21*$F$4 -> 0.24500968 | G21: =D21*$G$4 -> 0.21083186 | H21: =D21*$H$4 -> 0.22689132 | I21: =D21*$I$4 -> 0.18200719
B22: 18 | C22: 0.34260855 | D22: 0.74803844 | F22: =D22*$F$4 -> 0.28456573 | G22: =D22*$G$4 -> 0.24487001 | H22: =D22*$H$4 -> 0.26352222 | I22: =D22*$I$4 -> 0.21139169
B23: 19 | C23: 0.37739641 | D23: 0.90160146 | F23: =D23*$F$4 -> 0.34298355 | G23: =D23*$G$4 -> 0.29513879 | H23: =D23*$H$4 -> 0.31762006 | I23: =D23*$I$4 -> 0.25478778
... B28: 24 | C28: 0.22737777 | D28: 0.59836256 | F28: =D28*$F$4 -> 0.22762665 | G28: =D28*$G$4 -> 0.19587369 | H28: =D28*$H$4 -> 0.21079375 | I28: =D28*$I$4 -> 0.16909408
C29: 5.9434946 | F29: =SUM(F5:F28) -> 5.9523378 | G29: =SUM(G5:G28) -> 5.1220117 | H29: =SUM(H5:H28) -> 5.5121649 | I29: =SUM(I5:I28) -> 4.4217367 | J29: kWh/day

Sheet Periods
A1: Periods/hours of day | B1: Period 1 | C1: Period 2 | D1: Period 3 | E1: Period 4 | G1: Normalize | H1: Period 1 | I1: Period 2 | J1: Period 3 | K1: Period 4
A2: 1 | B2: =Tabelle1!F5 -> 0.18443406 | C2: =Tabelle1!G5 -> 0.15870629 | D2: =Tabelle1!H5 -> 0.17079524 | E2: =Tabelle1!I5 -> 0.13700816 | G2: 0.01 | H2: =$B$26/24*0.01 -> 0.0024801408
A3: 2 | B3: =Tabelle1!F6 -> 0.16712866 | C3: =Tabelle1!G6 -> 0.14381491 | D3: =Tabelle1!H6 -> 0.15476956 | E3: =Tabelle1!I6 -> 0.12415272 | G3: 0.015
A4: 3 | B4: =Tabelle1!F7 -> 0.1623622 | C4: =Tabelle1!G7 -> 0.13971335 | D4: =Tabelle1!H7 -> 0.15035558 | E4: =Tabelle1!I7 -> 0.12061192 | G4: 0.015
A5: 4 | B5: =Tabelle1!F8 -> 0.16697912 | C5: =Tabelle1!G8 -> 0.14368624 | D5: =Tabelle1!H8 -> 0.15463109 | E5: =Tabelle1!I8 -> 0.12404164 | G5: 0.02
A6: 5 | B6: =Tabelle1!F9 -> 0.19058136 | C6: =Tabelle1!G9 -> 0.16399606 | D6: =Tabelle1!H9 -> 0.17648795 | E6: =Tabelle1!I9 -> 0.14157472 | G6: 0.5
A7: 6 | B7: =Tabelle1!F10 -> 0.22786825 | C7: =Tabelle1!G10 -> 0.19608159 | D7: =Tabelle1!H10 -> 0.21101749 | E7: =Tabelle1!I10 -> 0.16927356 | G7: 1.2
A8: 7 | B8: =Tabelle1!F11 -> 0.24596975 | C8: =Tabelle1!G11 -> 0.211658 | D8: =Tabelle1!H11 -> 0.22778039 | E8: =Tabelle1!I11 -> 0.18272039 | G8: 1.3
A9: 8 | B9: =Tabelle1!F12 -> 0.23587844 | C9: =Tabelle1!G12 -> 0.20297439 | D9: =Tabelle1!H12 -> 0.21843533 | E9: =Tabelle1!I12 -> 0.17522398 | G9: 1.4
A10: 9 | B10: =Tabelle1!F13 -> 0.22782672 | C10: =Tabelle1!G13 -> 0.19604585 | D10: =Tabelle1!H13 -> 0.21097903 | E10: =Tabelle1!I13 -> 0.16924271 | G10: 1.2
A11: 10 | B11: =Tabelle1!F14 -> 0.23293044 | C11: =Tabelle1!G14 -> 0.20043762 | D11: =Tabelle1!H14 -> 0.21570533 | E11: =Tabelle1!I14 -> 0.17303404
A12: 11 | B12: =Tabelle1!F15 -> 0.242298 | C12: =Tabelle1!G15 -> 0.20849844 | D12: =Tabelle1!H15 -> 0.22438016 | E12: =Tabelle1!I15 -> 0.1799928
A13: 12 | B13: =Tabelle1!F16 -> 0.25045401 | C13: =Tabelle1!G16 -> 0.21551673 | D13: =Tabelle1!H16 -> 0.23193305 | E13: =Tabelle1!I16 -> 0.18605155
A14: 13 | B14: =Tabelle1!F17 -> 0.25113222 | C14: =Tabelle1!G17 -> 0.21610033 | D14: =Tabelle1!H17 -> 0.2325611 | E14: =Tabelle1!I17 -> 0.18655536
A15: 14 | B15: =Tabelle1!F18 -> 0.24043601 | C15: =Tabelle1!G18 -> 0.20689619 | D15: =Tabelle1!H18 -> 0.22265587 | E15: =Tabelle1!I18 -> 0.17860961
A16: 15 | B16: =Tabelle1!F19 -> 0.22996448 | C16: =Tabelle1!G19 -> 0.1978854 | D16: =Tabelle1!H19 -> 0.2129587 | E16: =Tabelle1!I19 -> 0.17083075
A17: 16 | B17: =Tabelle1!F20 -> 0.23148361 | C17: =Tabelle1!G20 -> 0.19919261 | D17: =Tabelle1!H20 -> 0.21436549 | E17: =Tabelle1!I20 -> 0.17195925
A18: 17 | B18: =Tabelle1!F21 -> 0.24500968 | C18: =Tabelle1!G21 -> 0.21083186 | D18: =Tabelle1!H21 -> 0.22689132 | E18: =Tabelle1!I21 -> 0.18200719
A19: 18 | B19: =Tabelle1!F22 -> 0.28456573 | C19: =Tabelle1!G22 -> 0.24487001 | D19: =Tabelle1!H22 -> 0.26352222 | E19: =Tabelle1!I22 -> 0.21139169
A20: 19 | B20: =Tabelle1!F23 -> 0.34298355 | C20: =Tabelle1!G23 -> 0.29513879 | D20: =Tabelle1!H23 -> 0.31762006 | E20: =Tabelle1!I23 -> 0.25478778
A21: 20 | B21: =Tabelle1!F24 -> 0.37780948 | C21: =Tabelle1!G24 -> 0.32510665 | D21: =Tabelle1!H24 -> 0.34987063 | E21: =Tabelle1!I24 -> 0.28065847
A22: 21 | B22: =Tabelle1!F25 -> 0.36932478 | C22: =Tabelle1!G25 -> 0.31780552 | D22: =Tabelle1!H25 -> 0.34201337 | E22: =Tabelle1!I25 -> 0.27435555
... A25: 24 | B25: =Tabelle1!F28 -> 0.22762665 | C25: =Tabelle1!G28 -> 0.19587369 | D25: =Tabelle1!H28 -> 0.21079375 | E25: =Tabelle1!I28 -> 0.16909408
B26: =SUM(B2:B25) -> 5.9523378 | C26: =SUM(C2:C25) -> 5.1220117 | D26: =SUM(D2:D25) -> 5.5121649 | E26: =SUM(E2:E25) -> 4.4217367
